
--
-- Table structure for table `t_pub_area`
--

DROP TABLE IF EXISTS `t_pub_area`;
CREATE TABLE `t_pub_area` (
  `id` bigint(20) NOT NULL,
  `create_date` datetime NOT NULL,
  `modify_date` datetime NOT NULL,
  `seq` int(11) DEFAULT NULL,
  `name` varchar(200) DEFAULT NULL,
  `country_id` bigint(20) NOT NULL,
  PRIMARY KEY (`id`),
  KEY `FK30C9FFA26D8A1B1` (`country_id`)
) ENGINE=InnoDB DEFAULT CHARSET=utf8;

--
-- Dumping data for table `t_pub_area`
--

LOCK TABLES `t_pub_area` WRITE;
/*!40000 ALTER TABLE `t_pub_area` DISABLE KEYS */;
INSERT INTO `t_pub_area` VALUES (1001,'2014-10-25 20:52:58','2014-10-25 20:52:58',1,'东部沿海地区',1),(1002,'2014-10-25 20:52:58','2014-10-25 20:52:58',2,'中部内陆地区',1),(1003,'2014-10-25 20:52:58','2014-10-25 20:52:58',3,'西部边远地区',1),(1004,'2014-10-25 20:52:58','2014-10-25 20:52:58',4,'特别行政区',1),(2001,'2014-10-25 20:52:58','2014-10-25 20:52:58',5,'澳大利亚首都特区',2),(2002,'2014-10-25 20:52:58','2014-10-25 20:52:58',6,'新南威尔士',2),(2003,'2014-10-25 20:52:58','2014-10-25 20:52:58',7,'维多利亚州',2),(2004,'2014-10-25 20:52:58','2014-10-25 20:52:58',8,'昆士兰州',2),(2005,'2014-10-25 20:52:58','2014-10-25 20:52:58',9,'西澳大利亚州',2),(2006,'2014-10-25 20:52:58','2014-10-25 20:52:58',10,'南澳大利亚州',2),(2007,'2014-10-25 20:52:58','2014-10-25 20:52:58',11,'塔斯曼尼亚',2),(2008,'2014-10-25 20:52:58','2014-10-25 20:52:58',12,'北领地',2);
/*!40000 ALTER TABLE `t_pub_area` ENABLE KEYS */;
UNLOCK TABLES;

--
-- Table structure for table `t_pub_city`
--

DROP TABLE IF EXISTS `t_pub_city`;
CREATE TABLE `t_pub_city` (
  `id` bigint(20) NOT NULL,
  `create_date` datetime NOT NULL,
  `modify_date` datetime NOT NULL,
  `seq` int(11) DEFAULT NULL,
  `name` varchar(200) DEFAULT NULL,
  `zip_code` varchar(255) DEFAULT NULL,
  `area_id` bigint(20) NOT NULL,
  `country_id` bigint(20) NOT NULL,
  `province_id` bigint(20) NOT NULL,
  PRIMARY KEY (`id`),
  KEY `FK30D68D889C91E43` (`area_id`),
  KEY `FK30D68D87388FAE3` (`province_id`),
  KEY `FK30D68D826D8A1B1` (`country_id`)
) ENGINE=InnoDB DEFAULT CHARSET=utf8;

--
-- Dumping data for table `t_pub_city`
--

LOCK TABLES `t_pub_city` WRITE;
/*!40000 ALTER TABLE `t_pub_city` DISABLE KEYS */;
INSERT INTO `t_pub_city` VALUES (10001,'2014-10-25 20:52:58','2014-10-25 20:52:58',1,'堪培拉','2600',2001,2,201),(10002,'2014-10-25 20:52:58','2014-10-25 20:52:58',2,'悉尼','2000',2002,2,202),(10003,'2014-10-25 20:52:58','2014-10-25 20:52:58',3,'奥尔伯里','2000',2002,2,202),(10004,'2014-10-25 20:52:58','2014-10-25 20:52:58',4,'阿米代尔','2000',2002,2,202),(10005,'2014-10-25 20:52:58','2014-10-25 20:52:58',5,'巴瑟斯特','2000',2002,2,202),(10006,'2014-10-25 20:52:58','2014-10-25 20:52:58',6,'布罗肯希尔','2000',2002,2,202),(10007,'2014-10-25 20:52:58','2014-10-25 20:52:58',7,'塞斯诺克','2000',2002,2,202),(10008,'2014-10-25 20:52:58','2014-10-25 20:52:58',8,'科夫斯港','2000',2002,2,202),(10009,'2014-10-25 20:52:58','2014-10-25 20:52:58',9,'达博','2000',2002,2,202),(10010,'2014-10-25 20:52:58','2014-10-25 20:52:58',10,'戈斯福','2000',2002,2,202),(10011,'2014-10-25 20:52:58','2014-10-25 20:52:58',11,'古尔本','2000',2002,2,202),(10012,'2014-10-25 20:52:58','2014-10-25 20:52:58',12,'格拉夫顿','2000',2002,2,202),(10013,'2014-10-25 20:52:58','2014-10-25 20:52:58',13,'格里菲斯','2000',2002,2,202),(10014,'2014-10-25 20:52:58','2014-10-25 20:52:58',14,'麦觉理湖','2000',2002,2,202),(10015,'2014-10-25 20:52:58','2014-10-25 20:52:58',15,'利斯摩尔','2000',2002,2,202),(10016,'2014-10-25 20:52:58','2014-10-25 20:52:58',16,'梅特兰','2000',2002,2,202),(10017,'2014-10-25 20:52:58','2014-10-25 20:52:58',17,'纽卡斯尔','2000',2002,2,202),(10018,'2014-10-25 20:52:58','2014-10-25 20:52:58',18,'诺拉','2000',2002,2,202),(10019,'2014-10-25 20:52:58','2014-10-25 20:52:58',19,'奥兰治','2000',2002,2,202),(10020,'2014-10-25 20:52:58','2014-10-25 20:52:58',20,'麦觉理港','2000',2002,2,202),(10021,'2014-10-25 20:52:58','2014-10-25 20:52:58',21,'昆比恩','2000',2002,2,202),(10022,'2014-10-25 20:52:58','2014-10-25 20:52:58',22,'塔姆沃思','2000',2002,2,202),(10023,'2014-10-25 20:52:58','2014-10-25 20:52:58',23,'堤维德岬','2000',2002,2,202),(10024,'2014-10-25 20:52:58','2014-10-25 20:52:58',24,'沃加沃加','2000',2002,2,202),(10025,'2014-10-25 20:52:58','2014-10-25 20:52:58',25,'伍伦贡','2000',2002,2,202),(10026,'2014-10-25 20:52:58','2014-10-25 20:52:58',26,'怀昂','2000',2002,2,202),(10027,'2014-10-25 20:52:58','2014-10-25 20:52:58',27,'墨尔本','3000',2003,2,203),(10028,'2014-10-25 20:52:58','2014-10-25 20:52:58',28,'雅拉瑞特','3000',2003,2,203),(10029,'2014-10-25 20:52:58','2014-10-25 20:52:58',29,'本纳拉','3000',2003,2,203),(10030,'2014-10-25 20:52:58','2014-10-25 20:52:58',30,'巴拉腊特','3000',2003,2,203),(10031,'2014-10-25 20:52:58','2014-10-25 20:52:58',31,'本迪戈','3000',2003,2,203),(10032,'2014-10-25 20:52:58','2014-10-25 20:52:58',32,'吉朗','3000',2003,2,203),(10033,'2014-10-25 20:52:58','2014-10-25 20:52:58',33,'米尔迪拉','3000',2003,2,203),(10034,'2014-10-25 20:52:58','2014-10-25 20:52:58',34,'雪帕顿','3000',2003,2,203),(10035,'2014-10-25 20:52:58','2014-10-25 20:52:58',35,'天鹅山','3000',2003,2,203),(10036,'2014-10-25 20:52:58','2014-10-25 20:52:58',36,'旺加拉塔','3000',2003,2,203),(10037,'2014-10-25 20:52:58','2014-10-25 20:52:58',37,'瓦南布尔','3000',2003,2,203),(10038,'2014-10-25 20:52:58','2014-10-25 20:52:58',38,'沃东加','3000',2003,2,203),(10039,'2014-10-25 20:52:58','2014-10-25 20:52:58',39,'马里伯勒','3000',2003,2,203),(10040,'2014-10-25 20:52:58','2014-10-25 20:52:58',40,'布里斯班','4000',2004,2,204),(10041,'2014-10-25 20:52:58','2014-10-25 20:52:58',41,'班德堡','4000',2004,2,204),(10042,'2014-10-25 20:52:58','2014-10-25 20:52:58',42,'凯恩斯','4000',2004,2,204),(10043,'2014-10-25 20:52:58','2014-10-25 20:52:58',43,'格列士敦','4000',2004,2,204),(10044,'2014-10-25 20:52:58','2014-10-25 20:52:58',44,'黄金海岸','4000',2004,2,204),(10045,'2014-10-25 20:52:58','2014-10-25 20:52:58',45,'金彼','4000',2004,2,204),(10046,'2014-10-25 20:52:58','2014-10-25 20:52:58',46,'赫维湾','4000',2004,2,204),(10047,'2014-10-25 20:52:58','2014-10-25 20:52:58',47,'伊普斯威奇','4000',2004,2,204),(10048,'2014-10-25 20:52:58','2014-10-25 20:52:58',48,'罗根','4000',2004,2,204),(10049,'2014-10-25 20:52:58','2014-10-25 20:52:58',49,'麦凯','4000',2004,2,204),(10050,'2014-10-25 20:52:58','2014-10-25 20:52:58',50,'伊萨山','4000',2004,2,204),(10051,'2014-10-25 20:52:58','2014-10-25 20:52:58',51,'洛坎普顿','4000',2004,2,204),(10052,'2014-10-25 20:52:58','2014-10-25 20:52:58',52,'阳光海岸','4000',2004,2,204),(10053,'2014-10-25 20:52:58','2014-10-25 20:52:58',53,'图文巴','4000',2004,2,204),(10054,'2014-10-25 20:52:58','2014-10-25 20:52:58',54,'汤斯维尔','4000',2004,2,204),(10055,'2014-10-25 20:52:58','2014-10-25 20:52:58',55,'伯斯','6000',2005,2,205),(10056,'2014-10-25 20:52:58','2014-10-25 20:52:58',56,'奥班尼','6000',2005,2,205),(10057,'2014-10-25 20:52:58','2014-10-25 20:52:58',57,'布鲁姆','6000',2005,2,205),(10058,'2014-10-25 20:52:58','2014-10-25 20:52:58',58,'班伯利','6000',2005,2,205),(10059,'2014-10-25 20:52:58','2014-10-25 20:52:58',59,'杰拉尔顿','6000',2005,2,205),(10060,'2014-10-25 20:52:58','2014-10-25 20:52:58',60,'费利曼图','6000',2005,2,205),(10061,'2014-10-25 20:52:58','2014-10-25 20:52:58',61,'卡尔古利','6000',2005,2,205),(10062,'2014-10-25 20:52:58','2014-10-25 20:52:58',62,'曼哲拉','6000',2005,2,205),(10063,'2014-10-25 20:52:58','2014-10-25 20:52:58',63,'黑德兰港','6000',2005,2,205),(10064,'2014-10-25 20:52:58','2014-10-25 20:52:58',64,'阿德莱德','5000',2006,2,206),(10065,'2014-10-25 20:52:58','2014-10-25 20:52:58',65,'甘比尔山','5000',2006,2,206),(10066,'2014-10-25 20:52:58','2014-10-25 20:52:58',66,'梅里韦尔桥','5000',2006,2,206),(10067,'2014-10-25 20:52:58','2014-10-25 20:52:58',67,'奥古斯塔港','5000',2006,2,206),(10068,'2014-10-25 20:52:58','2014-10-25 20:52:58',68,'皮里港','5000',2006,2,206),(10069,'2014-10-25 20:52:58','2014-10-25 20:52:58',69,'林肯港','5000',2006,2,206),(10070,'2014-10-25 20:52:58','2014-10-25 20:52:58',70,'维克多港','5000',2006,2,206),(10071,'2014-10-25 20:52:58','2014-10-25 20:52:58',71,'怀阿拉','5000',2006,2,206),(10072,'2014-10-25 20:52:58','2014-10-25 20:52:58',72,'霍巴特','7000',2007,2,207),(10073,'2014-10-25 20:52:58','2014-10-25 20:52:58',73,'伯尔尼','7000',2007,2,207),(10074,'2014-10-25 20:52:58','2014-10-25 20:52:58',74,'德文波特','7000',2007,2,207),(10075,'2014-10-25 20:52:58','2014-10-25 20:52:58',75,'阿瑟港','7000',2007,2,207),(10076,'2014-10-25 20:52:58','2014-10-25 20:52:58',76,'朗赛斯顿','7000',2007,2,207),(10077,'2014-10-25 20:52:58','2014-10-25 20:52:58',77,'罗斯','7000',2007,2,207),(10078,'2014-10-25 20:52:58','2014-10-25 20:52:58',78,'里奇蒙','7000',2007,2,207),(10079,'2014-10-25 20:52:58','2014-10-25 20:52:58',79,'布鲁尼岛','7000',2007,2,207),(10080,'2014-10-25 20:52:58','2014-10-25 20:52:58',80,'圣海伦斯','7000',2007,2,207),(10081,'2014-10-25 20:52:58','2014-10-25 20:52:58',81,'摇篮山','7000',2007,2,207),(10082,'2014-10-25 20:52:58','2014-10-25 20:52:58',82,'戈登坝','7000',2007,2,207),(10083,'2014-10-25 20:52:58','2014-10-25 20:52:58',83,'达尔文','8000',2008,2,208),(10084,'2014-10-25 20:52:58','2014-10-25 20:52:58',84,'艾丽斯斯普林斯','8000',2008,2,208),(10085,'2014-10-25 20:52:58','2014-10-25 20:52:58',85,'凯瑟琳','8000',2008,2,208),(10086,'2014-10-25 20:52:58','2014-10-25 20:52:58',86,'威尔顿','8000',2008,2,208),(10087,'2014-10-25 20:52:58','2014-10-25 20:52:58',87,'广州市','510000',1001,1,110),(10088,'2014-10-25 20:52:58','2014-10-25 20:52:58',88,'韶关市','512000',1001,1,110),(10089,'2014-10-25 20:52:58','2014-10-25 20:52:58',89,'深圳市','518000',1001,1,110),(10090,'2014-10-25 20:52:58','2014-10-25 20:52:58',90,'珠海市','519000',1001,1,110),(10091,'2014-10-25 20:52:58','2014-10-25 20:52:58',91,'汕头市','515000',1001,1,110),(10092,'2014-10-25 20:52:58','2014-10-25 20:52:58',92,'佛山市','528000',1001,1,110),(10093,'2014-10-25 20:52:58','2014-10-25 20:52:58',93,'江门市','529000',1001,1,110),(10094,'2014-10-25 20:52:58','2014-10-25 20:52:58',94,'湛江市','524000',1001,1,110),(10095,'2014-10-25 20:52:58','2014-10-25 20:52:58',95,'茂名市','525200',1001,1,110),(10096,'2014-10-25 20:52:58','2014-10-25 20:52:58',96,'肇庆市','526000',1001,1,110),(10097,'2014-10-25 20:52:58','2014-10-25 20:52:58',97,'惠州市','516000',1001,1,110),(10098,'2014-10-25 20:52:58','2014-10-25 20:52:58',98,'梅州市','514000',1001,1,110),(10099,'2014-10-25 20:52:58','2014-10-25 20:52:58',99,'汕尾市','516600',1001,1,110),(10100,'2014-10-25 20:52:58','2014-10-25 20:52:58',100,'河源市','517000',1001,1,110),(10101,'2014-10-25 20:52:58','2014-10-25 20:52:58',101,'阳江市','529500',1001,1,110),(10102,'2014-10-25 20:52:58','2014-10-25 20:52:58',102,'清远市','511500',1001,1,110),(10103,'2014-10-25 20:52:58','2014-10-25 20:52:58',103,'东莞市','523000',1001,1,110),(10104,'2014-10-25 20:52:58','2014-10-25 20:52:58',104,'中山市','528400',1001,1,110),(10105,'2014-10-25 20:52:58','2014-10-25 20:52:58',105,'潮州市','521000',1001,1,110),(10106,'2014-10-25 20:52:58','2014-10-25 20:52:58',106,'揭阳市','522000',1001,1,110),(10107,'2014-10-25 20:52:58','2014-10-25 20:52:58',107,'云浮市','527300',1001,1,110),(10108,'2014-10-25 20:52:58','2014-10-25 20:52:58',108,'北京市','100000',1001,1,101),(10109,'2014-10-25 20:52:58','2014-10-25 20:52:58',109,'天津市','300000',1001,1,102),(10110,'2014-10-25 20:52:58','2014-10-25 20:52:58',110,'石家庄市','050000',1001,1,103),(10111,'2014-10-25 20:52:58','2014-10-25 20:52:58',111,'唐山市','063000',1001,1,103),(10112,'2014-10-25 20:52:58','2014-10-25 20:52:58',112,'秦皇岛市','066000',1001,1,103),(10113,'2014-10-25 20:52:58','2014-10-25 20:52:58',113,'邯郸市','056000',1001,1,103),(10114,'2014-10-25 20:52:58','2014-10-25 20:52:58',114,'邢台市','054000',1001,1,103),(10115,'2014-10-25 20:52:58','2014-10-25 20:52:58',115,'保定市','071000',1001,1,103),(10116,'2014-10-25 20:52:58','2014-10-25 20:52:58',116,'张家口市','075000',1001,1,103),(10117,'2014-10-25 20:52:58','2014-10-25 20:52:58',117,'承德市','067000',1001,1,103),(10118,'2014-10-25 20:52:58','2014-10-25 20:52:58',118,'沧州市','061000',1001,1,103),(10119,'2014-10-25 20:52:58','2014-10-25 20:52:58',119,'廊坊市','065000',1001,1,103),(10120,'2014-10-25 20:52:58','2014-10-25 20:52:58',120,'衡水市','053000',1001,1,103),(10121,'2014-10-25 20:52:58','2014-10-25 20:52:58',121,'太原市','030000',1002,1,122),(10122,'2014-10-25 20:52:58','2014-10-25 20:52:58',122,'大同市','037000',1002,1,122),(10123,'2014-10-25 20:52:58','2014-10-25 20:52:58',123,'阳泉市','045000',1002,1,122),(10124,'2014-10-25 20:52:58','2014-10-25 20:52:58',124,'长治市','046000',1002,1,122),(10125,'2014-10-25 20:52:58','2014-10-25 20:52:58',125,'晋城市','048000',1002,1,122),(10126,'2014-10-25 20:52:58','2014-10-25 20:52:58',126,'朔州市','036000',1002,1,122),(10127,'2014-10-25 20:52:58','2014-10-25 20:52:58',127,'晋中市','030600',1002,1,122),(10128,'2014-10-25 20:52:58','2014-10-25 20:52:58',128,'运城市','044000',1002,1,122),(10129,'2014-10-25 20:52:58','2014-10-25 20:52:58',129,'忻州市','034000',1002,1,122),(10130,'2014-10-25 20:52:58','2014-10-25 20:52:58',130,'临汾市','041000',1002,1,122),(10131,'2014-10-25 20:52:58','2014-10-25 20:52:58',131,'吕梁市','033000',1002,1,122),(10132,'2014-10-25 20:52:58','2014-10-25 20:52:58',132,'呼和浩特市','010000',1002,1,123),(10133,'2014-10-25 20:52:58','2014-10-25 20:52:58',133,'包头市','014000',1002,1,123),(10134,'2014-10-25 20:52:58','2014-10-25 20:52:58',134,'乌海市','016000',1002,1,123),(10135,'2014-10-25 20:52:58','2014-10-25 20:52:58',135,'赤峰市','024000',1002,1,123),(10136,'2014-10-25 20:52:58','2014-10-25 20:52:58',136,'通辽市','028000',1002,1,123),(10137,'2014-10-25 20:52:58','2014-10-25 20:52:58',137,'鄂尔多斯市','017000',1002,1,123),(10138,'2014-10-25 20:52:58','2014-10-25 20:52:58',138,'呼伦贝尔市','021000',1002,1,123),(10139,'2014-10-25 20:52:58','2014-10-25 20:52:58',139,'巴彦淖尔市','015000',1002,1,123),(10140,'2014-10-25 20:52:58','2014-10-25 20:52:58',140,'乌兰察布市','012000',1002,1,123),(10141,'2014-10-25 20:52:58','2014-10-25 20:52:58',141,'兴安盟','137400',1002,1,123),(10142,'2014-10-25 20:52:58','2014-10-25 20:52:58',142,'锡林郭勒盟','026000',1002,1,123),(10143,'2014-10-25 20:52:58','2014-10-25 20:52:58',143,'阿拉善盟','750300',1002,1,123),(10144,'2014-10-25 20:52:58','2014-10-25 20:52:58',144,'沈阳市','110000',1001,1,104),(10145,'2014-10-25 20:52:58','2014-10-25 20:52:58',145,'大连市','116000',1001,1,104),(10146,'2014-10-25 20:52:58','2014-10-25 20:52:58',146,'鞍山市','114000',1001,1,104),(10147,'2014-10-25 20:52:58','2014-10-25 20:52:58',147,'抚顺市','113000',1001,1,104),(10148,'2014-10-25 20:52:58','2014-10-25 20:52:58',148,'本溪市','117000',1001,1,104),(10149,'2014-10-25 20:52:58','2014-10-25 20:52:58',149,'丹东市','118000',1001,1,104),(10150,'2014-10-25 20:52:58','2014-10-25 20:52:58',150,'锦州市','121000',1001,1,104),(10151,'2014-10-25 20:52:58','2014-10-25 20:52:58',151,'营口市','115000',1001,1,104),(10152,'2014-10-25 20:52:58','2014-10-25 20:52:58',152,'阜新市','123000',1001,1,104),(10153,'2014-10-25 20:52:58','2014-10-25 20:52:58',153,'辽阳市','111000',1001,1,104),(10154,'2014-10-25 20:52:58','2014-10-25 20:52:58',154,'盘锦市','124000',1001,1,104),(10155,'2014-10-25 20:52:58','2014-10-25 20:52:58',155,'铁岭市','112000',1001,1,104),(10156,'2014-10-25 20:52:58','2014-10-25 20:52:58',156,'朝阳市','122000',1001,1,104),(10157,'2014-10-25 20:52:58','2014-10-25 20:52:58',157,'葫芦岛市','125000',1001,1,104),(10158,'2014-10-25 20:52:58','2014-10-25 20:52:58',158,'绥化市','152000',1002,1,124),(10159,'2014-10-25 20:52:58','2014-10-25 20:52:58',159,'大兴安岭地区','165000',1002,1,124),(10160,'2014-10-25 20:52:58','2014-10-25 20:52:58',160,'上海市','200000',1001,1,105),(10161,'2014-10-25 20:52:58','2014-10-25 20:52:58',161,'南京市','210000',1001,1,106),(10162,'2014-10-25 20:52:58','2014-10-25 20:52:58',162,'无锡市','214000',1001,1,106),(10163,'2014-10-25 20:52:58','2014-10-25 20:52:58',163,'徐州市','221000',1001,1,106),(10164,'2014-10-25 20:52:58','2014-10-25 20:52:58',164,'常州市','213000',1001,1,106),(10165,'2014-10-25 20:52:58','2014-10-25 20:52:58',165,'苏州市','215000',1001,1,106),(10166,'2014-10-25 20:52:58','2014-10-25 20:52:58',166,'南通市','226000',1001,1,106),(10167,'2014-10-25 20:52:58','2014-10-25 20:52:58',167,'连云港','222000',1001,1,106),(10168,'2014-10-25 20:52:58','2014-10-25 20:52:58',168,'淮安市','223000',1001,1,106),(10169,'2014-10-25 20:52:58','2014-10-25 20:52:58',169,'盐城市','224000',1001,1,106),(10170,'2014-10-25 20:52:58','2014-10-25 20:52:58',170,'扬州市','225000',1001,1,106),(10171,'2014-10-25 20:52:58','2014-10-25 20:52:58',171,'镇江市','212000',1001,1,106),(10172,'2014-10-25 20:52:58','2014-10-25 20:52:58',172,'泰州市','225300',1001,1,106),(10173,'2014-10-25 20:52:58','2014-10-25 20:52:58',173,'宿迁市','223800',1001,1,106),(10174,'2014-10-25 20:52:58','2014-10-25 20:52:58',174,'杭州市','310000',1001,1,107),(10175,'2014-10-25 20:52:58','2014-10-25 20:52:58',175,'宁波市','315000',1001,1,107),(10176,'2014-10-25 20:52:58','2014-10-25 20:52:58',176,'温州市','325000',1001,1,107),(10177,'2014-10-25 20:52:58','2014-10-25 20:52:58',177,'嘉兴市','314000',1001,1,107),(10178,'2014-10-25 20:52:58','2014-10-25 20:52:58',178,'湖州市','313000',1001,1,107),(10179,'2014-10-25 20:52:58','2014-10-25 20:52:58',179,'绍兴市','312000',1001,1,107),(10180,'2014-10-25 20:52:58','2014-10-25 20:52:58',180,'金华市','321000',1001,1,107),(10181,'2014-10-25 20:52:58','2014-10-25 20:52:58',181,'衢州市','324000',1001,1,107),(10182,'2014-10-25 20:52:58','2014-10-25 20:52:58',182,'舟山市','316000',1001,1,107),(10183,'2014-10-25 20:52:58','2014-10-25 20:52:58',183,'台州市','318000',1001,1,107),(10184,'2014-10-25 20:52:58','2014-10-25 20:52:58',184,'丽水市','323000',1001,1,107),(10185,'2014-10-25 20:52:58','2014-10-25 20:52:58',185,'合肥市','230000',1002,1,126),(10186,'2014-10-25 20:52:58','2014-10-25 20:52:58',186,'芜湖市','241000',1002,1,126),(10187,'2014-10-25 20:52:58','2014-10-25 20:52:58',187,'蚌埠市','233000',1002,1,126),(10188,'2014-10-25 20:52:58','2014-10-25 20:52:58',188,'淮南市','232000',1002,1,126),(10189,'2014-10-25 20:52:58','2014-10-25 20:52:58',189,'马鞍山','243000',1002,1,126),(10190,'2014-10-25 20:52:58','2014-10-25 20:52:58',190,'淮北市','235000',1002,1,126),(10191,'2014-10-25 20:52:58','2014-10-25 20:52:58',191,'铜陵市','244000',1002,1,126),(10192,'2014-10-25 20:52:58','2014-10-25 20:52:58',192,'安庆市','246000',1002,1,126),(10193,'2014-10-25 20:52:58','2014-10-25 20:52:58',193,'黄山市','245000',1002,1,126),(10194,'2014-10-25 20:52:58','2014-10-25 20:52:58',194,'滁州市','239000',1002,1,126),(10195,'2014-10-25 20:52:58','2014-10-25 20:52:58',195,'阜阳市','236000',1002,1,126),(10196,'2014-10-25 20:52:58','2014-10-25 20:52:58',196,'宿州市','234000',1002,1,126),(10197,'2014-10-25 20:52:58','2014-10-25 20:52:58',197,'巢湖市','238000',1002,1,126),(10198,'2014-10-25 20:52:58','2014-10-25 20:52:58',198,'六安市','237000',1002,1,126),(10199,'2014-10-25 20:52:58','2014-10-25 20:52:58',199,'亳州市','236800',1002,1,126),(10200,'2014-10-25 20:52:58','2014-10-25 20:52:58',200,'池州市','247100',1002,1,126),(10201,'2014-10-25 20:52:58','2014-10-25 20:52:58',201,'宣城市','242000',1002,1,126),(10202,'2014-10-25 20:52:58','2014-10-25 20:52:58',202,'福州市','350000',1001,1,108),(10203,'2014-10-25 20:52:58','2014-10-25 20:52:58',203,'厦门市','361000',1001,1,108),(10204,'2014-10-25 20:52:58','2014-10-25 20:52:58',204,'莆田市','351100',1001,1,108),(10205,'2014-10-25 20:52:58','2014-10-25 20:52:58',205,'三明市','365000',1001,1,108),(10206,'2014-10-25 20:52:58','2014-10-25 20:52:58',206,'泉州市','362000',1001,1,108),(10207,'2014-10-25 20:52:58','2014-10-25 20:52:58',207,'漳州市','363000',1001,1,108),(10208,'2014-10-25 20:52:58','2014-10-25 20:52:58',208,'南平市','353000',1001,1,108),(10209,'2014-10-25 20:52:58','2014-10-25 20:52:58',209,'龙岩市','364000',1001,1,108),(10210,'2014-10-25 20:52:58','2014-10-25 20:52:58',210,'宁德市','352000',1001,1,108),(10211,'2014-10-25 20:52:58','2014-10-25 20:52:58',211,'南昌市','330000',1002,1,127),(10212,'2014-10-25 20:52:58','2014-10-25 20:52:58',212,'景德镇','333000',1002,1,127),(10213,'2014-10-25 20:52:58','2014-10-25 20:52:58',213,'萍乡市','337000',1002,1,127),(10214,'2014-10-25 20:52:58','2014-10-25 20:52:58',214,'九江市','332000',1002,1,127),(10215,'2014-10-25 20:52:58','2014-10-25 20:52:58',215,'新余市','338000',1002,1,127),(10216,'2014-10-25 20:52:58','2014-10-25 20:52:58',216,'鹰潭市','335000',1002,1,127),(10217,'2014-10-25 20:52:58','2014-10-25 20:52:58',217,'赣州市','341000',1002,1,127),(10218,'2014-10-25 20:52:58','2014-10-25 20:52:58',218,'吉安市','343000',1002,1,127),(10219,'2014-10-25 20:52:58','2014-10-25 20:52:58',219,'宜春市','336000',1002,1,127),(10220,'2014-10-25 20:52:58','2014-10-25 20:52:58',220,'抚州市','344000',1002,1,127),(10221,'2014-10-25 20:52:58','2014-10-25 20:52:58',221,'上饶市','334000',1002,1,127),(10222,'2014-10-25 20:52:58','2014-10-25 20:52:58',222,'济南市','250000',1001,1,109),(10223,'2014-10-25 20:52:58','2014-10-25 20:52:58',223,'青岛市','266000',1001,1,109),(10224,'2014-10-25 20:52:58','2014-10-25 20:52:58',224,'淄博市','255000',1001,1,109),(10225,'2014-10-25 20:52:58','2014-10-25 20:52:58',225,'枣庄市','277100',1001,1,109),(10226,'2014-10-25 20:52:58','2014-10-25 20:52:58',226,'东营市','257000',1001,1,109),(10227,'2014-10-25 20:52:58','2014-10-25 20:52:58',227,'烟台市','264000',1001,1,109),(10228,'2014-10-25 20:52:58','2014-10-25 20:52:58',228,'潍坊市','261000',1001,1,109),(10229,'2014-10-25 20:52:58','2014-10-25 20:52:58',229,'济宁市','272000',1001,1,109),(10230,'2014-10-25 20:52:58','2014-10-25 20:52:58',230,'泰安市','271000',1001,1,109),(10231,'2014-10-25 20:52:58','2014-10-25 20:52:58',231,'威海市','264200',1001,1,109),(10232,'2014-10-25 20:52:58','2014-10-25 20:52:58',232,'日照市','276800',1001,1,109),(10233,'2014-10-25 20:52:58','2014-10-25 20:52:58',233,'莱芜市','271100',1001,1,109),(10234,'2014-10-25 20:52:58','2014-10-25 20:52:58',234,'临沂市','276000',1001,1,109),(10235,'2014-10-25 20:52:58','2014-10-25 20:52:58',235,'德州市','253000',1001,1,109),(10236,'2014-10-25 20:52:58','2014-10-25 20:52:58',236,'聊城市','252000',1001,1,109),(10237,'2014-10-25 20:52:58','2014-10-25 20:52:58',237,'滨州市','256600',1001,1,109),(10238,'2014-10-25 20:52:58','2014-10-25 20:52:58',238,'荷泽市','255000',1001,1,109),(10239,'2014-10-25 20:52:58','2014-10-25 20:52:58',239,'郑州市','450000',1002,1,128),(10240,'2014-10-25 20:52:58','2014-10-25 20:52:58',240,'开封市','475000',1002,1,128),(10241,'2014-10-25 20:52:58','2014-10-25 20:52:58',241,'洛阳市','471000',1002,1,128),(10242,'2014-10-25 20:52:58','2014-10-25 20:52:58',242,'平顶山市','467000',1002,1,128),(10243,'2014-10-25 20:52:58','2014-10-25 20:52:58',243,'安阳市','455000',1002,1,128),(10244,'2014-10-25 20:52:58','2014-10-25 20:52:58',244,'鹤壁市','458000',1002,1,128),(10245,'2014-10-25 20:52:58','2014-10-25 20:52:58',245,'新乡市','453000',1002,1,128),(10246,'2014-10-25 20:52:58','2014-10-25 20:52:58',246,'焦作市','454000',1002,1,128),(10247,'2014-10-25 20:52:58','2014-10-25 20:52:58',247,'濮阳市','475000',1002,1,128),(10248,'2014-10-25 20:52:58','2014-10-25 20:52:58',248,'许昌市','461000',1002,1,128),(10249,'2014-10-25 20:52:58','2014-10-25 20:52:58',249,'漯河市','462000',1002,1,128),(10250,'2014-10-25 20:52:58','2014-10-25 20:52:58',250,'三门峡市','472000',1002,1,128),(10251,'2014-10-25 20:52:58','2014-10-25 20:52:58',251,'南阳市','473000',1002,1,128),(10252,'2014-10-25 20:52:58','2014-10-25 20:52:58',252,'商丘市','476000',1002,1,128),(10253,'2014-10-25 20:52:58','2014-10-25 20:52:58',253,'信阳市','464000',1002,1,128),(10254,'2014-10-25 20:52:58','2014-10-25 20:52:58',254,'周口市','466000',1002,1,128),(10255,'2014-10-25 20:52:58','2014-10-25 20:52:58',255,'驻马店市','463000',1002,1,128),(10256,'2014-10-25 20:52:58','2014-10-25 20:52:58',256,'武汉市','430000',1002,1,129),(10257,'2014-10-25 20:52:58','2014-10-25 20:52:58',257,'黄石市','435000',1002,1,129),(10258,'2014-10-25 20:52:58','2014-10-25 20:52:58',258,'十堰市','442000',1002,1,129),(10259,'2014-10-25 20:52:58','2014-10-25 20:52:58',259,'宜昌市','443000',1002,1,129),(10260,'2014-10-25 20:52:58','2014-10-25 20:52:58',260,'襄樊市','441000',1002,1,129),(10261,'2014-10-25 20:52:58','2014-10-25 20:52:58',261,'鄂州市','436000',1002,1,129),(10262,'2014-10-25 20:52:58','2014-10-25 20:52:58',262,'荆门市','448000',1002,1,129),(10263,'2014-10-25 20:52:58','2014-10-25 20:52:58',263,'孝感市','432000',1002,1,129),(10264,'2014-10-25 20:52:58','2014-10-25 20:52:58',264,'荆州市','434000',1002,1,129),(10265,'2014-10-25 20:52:58','2014-10-25 20:52:58',265,'黄冈市','438000',1002,1,129),(10266,'2014-10-25 20:52:58','2014-10-25 20:52:58',266,'咸宁市','437000',1002,1,129),(10267,'2014-10-25 20:52:58','2014-10-25 20:52:58',267,'随州市','441300',1002,1,129),(10268,'2014-10-25 20:52:58','2014-10-25 20:52:58',268,'恩施土家族苗族自治州','445000',1002,1,129),(10269,'2014-10-25 20:52:58','2014-10-25 20:52:58',269,'神农架','442400',1002,1,129),(10270,'2014-10-25 20:52:58','2014-10-25 20:52:58',270,'长沙市','410000',1002,1,130),(10271,'2014-10-25 20:52:58','2014-10-25 20:52:58',271,'株洲市','412000',1002,1,130),(10272,'2014-10-25 20:52:58','2014-10-25 20:52:58',272,'湘潭市','411100',1002,1,130),(10273,'2014-10-25 20:52:58','2014-10-25 20:52:58',273,'衡阳市','421000',1002,1,130),(10274,'2014-10-25 20:52:58','2014-10-25 20:52:58',274,'邵阳市','422000',1002,1,130),(10275,'2014-10-25 20:52:58','2014-10-25 20:52:58',275,'岳阳市','414000',1002,1,130),(10276,'2014-10-25 20:52:58','2014-10-25 20:52:58',276,'常德市','415000',1002,1,130),(10277,'2014-10-25 20:52:58','2014-10-25 20:52:58',277,'张家界市','427000',1002,1,130),(10278,'2014-10-25 20:52:58','2014-10-25 20:52:58',278,'益阳市','413000',1002,1,130),(10279,'2014-10-25 20:52:58','2014-10-25 20:52:58',279,'郴州市','423000',1002,1,130),(10280,'2014-10-25 20:52:58','2014-10-25 20:52:58',280,'永州市','425000',1002,1,130),(10281,'2014-10-25 20:52:58','2014-10-25 20:52:58',281,'怀化市','418000',1002,1,130),(10282,'2014-10-25 20:52:58','2014-10-25 20:52:58',282,'娄底市','417000',1002,1,130),(10283,'2014-10-25 20:52:58','2014-10-25 20:52:58',283,'湘西土家族苗族自治州','416000',1002,1,130),(10284,'2014-10-25 20:52:58','2014-10-25 20:52:58',284,'南宁市','530000',1001,1,111),(10285,'2014-10-25 20:52:58','2014-10-25 20:52:58',285,'柳州市','545000',1001,1,111),(10286,'2014-10-25 20:52:58','2014-10-25 20:52:58',286,'桂林市','541000',1001,1,111),(10287,'2014-10-25 20:52:58','2014-10-25 20:52:58',287,'梧州市','543000',1001,1,111),(10288,'2014-10-25 20:52:58','2014-10-25 20:52:58',288,'北海市','536000',1001,1,111),(10289,'2014-10-25 20:52:58','2014-10-25 20:52:58',289,'防城港市','538000',1001,1,111),(10290,'2014-10-25 20:52:58','2014-10-25 20:52:58',290,'钦州市','535000',1001,1,111),(10291,'2014-10-25 20:52:58','2014-10-25 20:52:58',291,'贵港市','537100',1001,1,111),(10292,'2014-10-25 20:52:58','2014-10-25 20:52:58',292,'玉林市','537000',1001,1,111),(10293,'2014-10-25 20:52:58','2014-10-25 20:52:58',293,'百色市','533000',1001,1,111),(10294,'2014-10-25 20:52:58','2014-10-25 20:52:58',294,'贺州市','542800',1001,1,111),(10295,'2014-10-25 20:52:58','2014-10-25 20:52:58',295,'河池市','547000',1001,1,111),(10296,'2014-10-25 20:52:58','2014-10-25 20:52:58',296,'来宾市','546100',1001,1,111),(10297,'2014-10-25 20:52:58','2014-10-25 20:52:58',297,'崇左市','532200',1001,1,111),(10298,'2014-10-25 20:52:58','2014-10-25 20:52:58',298,'海口市','570000',1001,1,112),(10299,'2014-10-25 20:52:58','2014-10-25 20:52:58',299,'三亚市','572000',1001,1,112),(10300,'2014-10-25 20:52:58','2014-10-25 20:52:58',300,'重庆市','400000',1001,1,113),(10301,'2014-10-25 20:52:58','2014-10-25 20:52:58',301,'成都市','610000',1003,1,131),(10302,'2014-10-25 20:52:58','2014-10-25 20:52:58',302,'自贡市','643000',1003,1,131),(10303,'2014-10-25 20:52:58','2014-10-25 20:52:58',303,'攀枝花市','617000',1003,1,131),(10304,'2014-10-25 20:52:58','2014-10-25 20:52:58',304,'泸州市','646000',1003,1,131),(10305,'2014-10-25 20:52:58','2014-10-25 20:52:58',305,'德阳市','618000',1003,1,131),(10306,'2014-10-25 20:52:58','2014-10-25 20:52:58',306,'绵阳市','621000',1003,1,131),(10307,'2014-10-25 20:52:58','2014-10-25 20:52:58',307,'广元市','628000',1003,1,131),(10308,'2014-10-25 20:52:58','2014-10-25 20:52:58',308,'遂宁市','629000',1003,1,131),(10309,'2014-10-25 20:52:58','2014-10-25 20:52:58',309,'内江市','641000',1003,1,131),(10310,'2014-10-25 20:52:58','2014-10-25 20:52:58',310,'乐山市','614000',1003,1,131),(10311,'2014-10-25 20:52:58','2014-10-25 20:52:58',311,'南充市','637000',1003,1,131),(10312,'2014-10-25 20:52:58','2014-10-25 20:52:58',312,'眉山市','620000',1003,1,131),(10313,'2014-10-25 20:52:58','2014-10-25 20:52:58',313,'宜宾市','644000',1003,1,131),(10314,'2014-10-25 20:52:58','2014-10-25 20:52:58',314,'广安市','638000',1003,1,131),(10315,'2014-10-25 20:52:58','2014-10-25 20:52:58',315,'达州市','635000',1003,1,131),(10316,'2014-10-25 20:52:58','2014-10-25 20:52:58',316,'雅安市','625000',1003,1,131),(10317,'2014-10-25 20:52:58','2014-10-25 20:52:58',317,'巴中市','636000',1003,1,131),(10318,'2014-10-25 20:52:58','2014-10-25 20:52:58',318,'资阳市','641300',1003,1,131),(10319,'2014-10-25 20:52:58','2014-10-25 20:52:58',319,'阿坝藏族羌族自治州','624000',1003,1,131),(10320,'2014-10-25 20:52:58','2014-10-25 20:52:58',320,'甘孜藏族自治州','626000',1003,1,131),(10321,'2014-10-25 20:52:58','2014-10-25 20:52:58',321,'凉山彝族自治州','615000',1003,1,131),(10322,'2014-10-25 20:52:58','2014-10-25 20:52:58',322,'贵阳市','550000',1003,1,132),(10323,'2014-10-25 20:52:58','2014-10-25 20:52:58',323,'六盘水市','553000',1003,1,132),(10324,'2014-10-25 20:52:58','2014-10-25 20:52:58',324,'遵义市','563000',1003,1,132),(10325,'2014-10-25 20:52:58','2014-10-25 20:52:58',325,'安顺市','561000',1003,1,132),(10326,'2014-10-25 20:52:58','2014-10-25 20:52:58',326,'铜仁地区','554300',1003,1,132),(10327,'2014-10-25 20:52:58','2014-10-25 20:52:58',327,'黔西南布依族苗族自治州','562400',1003,1,132),(10328,'2014-10-25 20:52:58','2014-10-25 20:52:58',328,'毕节地区','551700',1003,1,132),(10329,'2014-10-25 20:52:58','2014-10-25 20:52:58',329,'黔东南苗族侗族自治州','556000',1003,1,132),(10330,'2014-10-25 20:52:58','2014-10-25 20:52:58',330,'黔南布依族苗族自治州','558000',1003,1,132),(10331,'2014-10-25 20:52:58','2014-10-25 20:52:58',331,'昆明市','650000',1003,1,133),(10332,'2014-10-25 20:52:58','2014-10-25 20:52:58',332,'曲靖市','655000',1003,1,133),(10333,'2014-10-25 20:52:58','2014-10-25 20:52:58',333,'玉溪市','653100',1003,1,133),(10334,'2014-10-25 20:52:58','2014-10-25 20:52:58',334,'保山市','678000',1003,1,133),(10335,'2014-10-25 20:52:58','2014-10-25 20:52:58',335,'昭通市','657000',1003,1,133),(10336,'2014-10-25 20:52:58','2014-10-25 20:52:58',336,'丽江市','674100',1003,1,133),(10337,'2014-10-25 20:52:58','2014-10-25 20:52:58',337,'思茅市','665008',1003,1,133),(10338,'2014-10-25 20:52:58','2014-10-25 20:52:58',338,'临沧市','677000',1003,1,133),(10339,'2014-10-25 20:52:58','2014-10-25 20:52:58',339,'楚雄彝族自治州','675000',1003,1,133),(10340,'2014-10-25 20:52:58','2014-10-25 20:52:58',340,'红河哈尼族彝族自治州','661000',1003,1,133),(10341,'2014-10-25 20:52:58','2014-10-25 20:52:58',341,'文山壮族苗族自治州','663000',1003,1,133),(10342,'2014-10-25 20:52:58','2014-10-25 20:52:58',342,'西双版纳傣族自治州','666100',1003,1,133),(10343,'2014-10-25 20:52:58','2014-10-25 20:52:58',343,'大理白族自治州','671000',1003,1,133),(10344,'2014-10-25 20:52:58','2014-10-25 20:52:58',344,'德宏傣族景颇族自治州','678400',1003,1,133),(10345,'2014-10-25 20:52:58','2014-10-25 20:52:58',345,'怒江傈僳族自治州','673100',1003,1,133),(10346,'2014-10-25 20:52:58','2014-10-25 20:52:58',346,'迪庆藏族自治州','674400',1003,1,133),(10347,'2014-10-25 20:52:58','2014-10-25 20:52:58',347,'拉萨市','850000',1003,1,134),(10348,'2014-10-25 20:52:58','2014-10-25 20:52:58',348,'昌都地区','854000',1003,1,134),(10349,'2014-10-25 20:52:58','2014-10-25 20:52:58',349,'山南地区','856000',1003,1,134),(10350,'2014-10-25 20:52:58','2014-10-25 20:52:58',350,'日喀则地区','857000',1003,1,134),(10351,'2014-10-25 20:52:58','2014-10-25 20:52:58',351,'那曲地区','852000',1003,1,134),(10352,'2014-10-25 20:52:58','2014-10-25 20:52:58',352,'阿里地区','859100',1003,1,134),(10353,'2014-10-25 20:52:58','2014-10-25 20:52:58',353,'林芝地区','860000',1003,1,134),(10354,'2014-10-25 20:52:58','2014-10-25 20:52:58',354,'西安市','710000',1003,1,135),(10355,'2014-10-25 20:52:58','2014-10-25 20:52:58',355,'铜川市','727000',1003,1,135),(10356,'2014-10-25 20:52:58','2014-10-25 20:52:58',356,'宝鸡市','721000',1003,1,135),(10357,'2014-10-25 20:52:58','2014-10-25 20:52:58',357,'咸阳市','712000',1003,1,135),(10358,'2014-10-25 20:52:58','2014-10-25 20:52:58',358,'渭南市','714000',1003,1,135),(10359,'2014-10-25 20:52:58','2014-10-25 20:52:58',359,'延安市','716000',1003,1,135),(10360,'2014-10-25 20:52:58','2014-10-25 20:52:58',360,'汉中市','723000',1003,1,135),(10361,'2014-10-25 20:52:58','2014-10-25 20:52:58',361,'榆林市','719000',1003,1,135),(10362,'2014-10-25 20:52:58','2014-10-25 20:52:58',362,'安康市','725000',1003,1,135),(10363,'2014-10-25 20:52:58','2014-10-25 20:52:58',363,'商洛市','726000',1003,1,135),(10364,'2014-10-25 20:52:58','2014-10-25 20:52:58',364,'兰州市','730000',1003,1,136),(10365,'2014-10-25 20:52:58','2014-10-25 20:52:58',365,'嘉峪关市','735100',1003,1,136),(10366,'2014-10-25 20:52:58','2014-10-25 20:52:58',366,'金昌市','737000',1003,1,136),(10367,'2014-10-25 20:52:58','2014-10-25 20:52:58',367,'白银市','730900',1003,1,136),(10368,'2014-10-25 20:52:58','2014-10-25 20:52:58',368,'天水市','741000',1003,1,136),(10369,'2014-10-25 20:52:58','2014-10-25 20:52:58',369,'武威市','733000',1003,1,136),(10370,'2014-10-25 20:52:58','2014-10-25 20:52:58',370,'张掖市','734000',1003,1,136),(10371,'2014-10-25 20:52:58','2014-10-25 20:52:58',371,'平凉市','744000',1003,1,136),(10372,'2014-10-25 20:52:58','2014-10-25 20:52:58',372,'酒泉市','735000',1003,1,136),(10373,'2014-10-25 20:52:58','2014-10-25 20:52:58',373,'庆阳市','745000',1003,1,136),(10374,'2014-10-25 20:52:58','2014-10-25 20:52:58',374,'定西市','743000',1003,1,136),(10375,'2014-10-25 20:52:58','2014-10-25 20:52:58',375,'陇南市','746000',1003,1,136),(10376,'2014-10-25 20:52:58','2014-10-25 20:52:58',376,'临夏回族自治州','731100',1003,1,136),(10377,'2014-10-25 20:52:58','2014-10-25 20:52:58',377,'甘南藏族自治州','747000',1003,1,136),(10378,'2014-10-25 20:52:58','2014-10-25 20:52:58',378,'西宁市','810000',1003,1,137),(10379,'2014-10-25 20:52:58','2014-10-25 20:52:58',379,'海东地区','810600',1003,1,137),(10380,'2014-10-25 20:52:58','2014-10-25 20:52:58',380,'海北藏族自治州','810300',1003,1,137),(10381,'2014-10-25 20:52:58','2014-10-25 20:52:58',381,'黄南藏族自治州','811300',1003,1,137),(10382,'2014-10-25 20:52:58','2014-10-25 20:52:58',382,'海南藏族自治州','813000',1003,1,137),(10383,'2014-10-25 20:52:58','2014-10-25 20:52:58',383,'果洛藏族自治州','814000',1003,1,137),(10384,'2014-10-25 20:52:58','2014-10-25 20:52:58',384,'玉树藏族自治州','815000',1003,1,137),(10385,'2014-10-25 20:52:58','2014-10-25 20:52:58',385,'海西蒙古族藏族自治州','817000',1003,1,137),(10386,'2014-10-25 20:52:58','2014-10-25 20:52:58',386,'银川市','750000',1003,1,138),(10387,'2014-10-25 20:52:58','2014-10-25 20:52:58',387,'石嘴山市','753000',1003,1,138),(10388,'2014-10-25 20:52:58','2014-10-25 20:52:58',388,'吴忠市','751100',1003,1,138),(10389,'2014-10-25 20:52:58','2014-10-25 20:52:58',389,'固原市','756000',1003,1,138),(10390,'2014-10-25 20:52:58','2014-10-25 20:52:58',390,'中卫市','755000',1003,1,138),(10391,'2014-10-25 20:52:58','2014-10-25 20:52:58',391,'乌鲁木齐市','830000',1003,1,139),(10392,'2014-10-25 20:52:58','2014-10-25 20:52:58',392,'克拉玛依市','834000',1003,1,139),(10393,'2014-10-25 20:52:58','2014-10-25 20:52:58',393,'吐鲁番地区','838000',1003,1,139),(10394,'2014-10-25 20:52:58','2014-10-25 20:52:58',394,'哈密地区','839000',1003,1,139),(10395,'2014-10-25 20:52:58','2014-10-25 20:52:58',395,'昌吉回族自治州','831100',1003,1,139),(10396,'2014-10-25 20:52:58','2014-10-25 20:52:58',396,'博尔塔拉蒙古自治州','833400',1003,1,139),(10397,'2014-10-25 20:52:58','2014-10-25 20:52:58',397,'巴音郭楞蒙古自治州','841000',1003,1,139),(10398,'2014-10-25 20:52:58','2014-10-25 20:52:58',398,'阿克苏地区','843000',1003,1,139),(10399,'2014-10-25 20:52:58','2014-10-25 20:52:58',399,'克孜勒苏柯尔克孜自治州','835600',1003,1,139),(10400,'2014-10-25 20:52:58','2014-10-25 20:52:58',400,'喀什地区','844000',1003,1,139),(10401,'2014-10-25 20:52:58','2014-10-25 20:52:58',401,'和田地区','848000',1003,1,139),(10402,'2014-10-25 20:52:58','2014-10-25 20:52:58',402,'伊犁哈萨克自治州','835000',1003,1,139),(10403,'2014-10-25 20:52:58','2014-10-25 20:52:58',403,'塔城地区','834700',1003,1,139),(10404,'2014-10-25 20:52:58','2014-10-25 20:52:58',404,'阿勒泰地区','836000',1003,1,139),(10405,'2014-10-25 20:52:58','2014-10-25 20:52:58',405,'石河子市','832000',1003,1,139),(10406,'2014-10-25 20:52:58','2014-10-25 20:52:58',406,'阿拉尔市','843300',1003,1,139),(10407,'2014-10-25 20:52:58','2014-10-25 20:52:58',407,'图木舒克市','843900',1003,1,139),(10408,'2014-10-25 20:52:58','2014-10-25 20:52:58',408,'五家渠市','831300',1003,1,139),(10409,'2014-10-25 20:52:58','2014-10-25 20:52:58',409,'香港特别行政区','000000',1004,1,120),(10410,'2014-10-25 20:52:58','2014-10-25 20:52:58',410,'澳门特别行政区','000000',1004,1,121),(10411,'2014-10-25 20:52:58','2014-10-25 20:52:58',411,'台湾省','000000',1001,1,119),(10412,'2014-10-25 20:52:58','2014-10-25 20:52:58',412,'哈尔滨市','150000',1002,1,125),(10413,'2014-10-25 20:52:58','2014-10-25 20:52:58',413,'齐齐哈尔市','161000',1002,1,125),(10414,'2014-10-25 20:52:58','2014-10-25 20:52:58',414,'佳木斯市','154000',1002,1,125),(10415,'2014-10-25 20:52:58','2014-10-25 20:52:58',415,'鹤岗市','154100',1002,1,125),(10416,'2014-10-25 20:52:58','2014-10-25 20:52:58',416,'大庆市','163000',1002,1,125),(10417,'2014-10-25 20:52:58','2014-10-25 20:52:58',417,'鸡西市','158100',1002,1,125),(10418,'2014-10-25 20:52:58','2014-10-25 20:52:58',418,'双鸭山市','155100',1002,1,125),(10419,'2014-10-25 20:52:58','2014-10-25 20:52:58',419,'伊春市','153000',1002,1,125),(10420,'2014-10-25 20:52:58','2014-10-25 20:52:58',420,'牡丹江市','157000',1002,1,125),(10421,'2014-10-25 20:52:58','2014-10-25 20:52:58',421,'黑河市','164300',1002,1,125),(10422,'2014-10-25 20:52:58','2014-10-25 20:52:58',422,'七台河市','154600',1002,1,125),(10423,'2014-10-25 20:52:58','2014-10-25 20:52:58',423,'绥化市','152000',1002,1,125),(10424,'2014-10-25 20:52:58','2014-10-25 20:52:58',424,'大兴安岭地区','165000',1002,1,125),(10425,'2014-12-19 12:00:58','2014-12-19 12:00:58',425,'长春市','130000',1002,1,124),(10426,'2014-12-19 12:00:58','2014-12-19 12:00:58',426,'吉林市','132000',1002,1,124),(10427,'2014-12-19 12:00:58','2014-12-19 12:00:58',427,'四平市','136000',1002,1,124),(10428,'2014-12-19 12:00:58','2014-12-19 12:00:58',428,'松原市','138000',1002,1,124),(10429,'2014-12-19 12:00:58','2014-12-19 12:00:58',429,'白城市','137000',1002,1,124),(10430,'2014-12-19 12:00:58','2014-12-19 12:00:58',430,'通化市','134000',1002,1,124),(10431,'2014-12-19 12:00:58','2014-12-19 12:00:58',431,'白山市','134300',1002,1,124),(10432,'2014-12-19 12:00:58','2014-12-19 12:00:58',432,'辽源市','136200',1002,1,124),(10433,'2014-12-29 18:14:00','2014-12-29 18:14:00',256,'济源市','454600',1002,1,128),(10434,'2014-12-19 12:00:58','2014-12-19 12:00:58',433,'延边朝鲜自治州','133000',1002,1,124),(10435,'2014-10-25 20:52:58','2014-10-25 20:52:58',270,'潜江市','433100',1002,1,129),(10436,'2014-10-25 20:52:58','2014-10-25 20:52:58',300,'文昌市','571300',1001,1,112),(10437,'2014-10-25 20:52:58','2014-10-25 20:52:58',301,'琼海市','571400',1001,1,112),(10438,'2014-10-25 20:52:58','2014-10-25 20:52:58',302,'万宁市','571500',1001,1,112),(10439,'2014-10-25 20:52:58','2014-10-25 20:52:58',303,'东方市','572600',1001,1,112),(10440,'2014-10-25 20:52:58','2014-10-25 20:52:58',304,'五指山市','572200',1001,1,112),(10441,'2014-10-25 20:52:58','2014-10-25 20:52:58',305,'儋州市','571700',1001,1,112);
/*!40000 ALTER TABLE `t_pub_city` ENABLE KEYS */;
UNLOCK TABLES;

--
-- Table structure for table `t_pub_country`
--

DROP TABLE IF EXISTS `t_pub_country`;
CREATE TABLE `t_pub_country` (
  `id` bigint(20) NOT NULL,
  `create_date` datetime NOT NULL,
  `modify_date` datetime NOT NULL,
  `seq` int(11) DEFAULT NULL,
  `name` varchar(200) NOT NULL,
  PRIMARY KEY (`id`)
) ENGINE=InnoDB DEFAULT CHARSET=utf8;

--
-- Dumping data for table `t_pub_country`
--

LOCK TABLES `t_pub_country` WRITE;
/*!40000 ALTER TABLE `t_pub_country` DISABLE KEYS */;
INSERT INTO `t_pub_country` VALUES (1,'2014-10-25 20:52:58','2014-10-25 20:52:58',1,'中国'),(2,'2014-10-25 20:52:58','2014-10-25 20:52:58',2,'澳大利亚');
/*!40000 ALTER TABLE `t_pub_country` ENABLE KEYS */;
UNLOCK TABLES;

--
-- Table structure for table `t_pub_province`
--

DROP TABLE IF EXISTS `t_pub_province`;
CREATE TABLE `t_pub_province` (
  `id` bigint(20) NOT NULL,
  `create_date` datetime NOT NULL,
  `modify_date` datetime NOT NULL,
  `seq` int(11) DEFAULT NULL,
  `name` varchar(200) DEFAULT NULL,
  `area_id` bigint(20) NOT NULL,
  `country_id` bigint(20) NOT NULL,
  PRIMARY KEY (`id`),
  KEY `FK94037C1D89C91E43` (`area_id`),
  KEY `FK94037C1D26D8A1B1` (`country_id`)
) ENGINE=InnoDB DEFAULT CHARSET=utf8;

--
-- Dumping data for table `t_pub_province`
--

LOCK TABLES `t_pub_province` WRITE;
/*!40000 ALTER TABLE `t_pub_province` DISABLE KEYS */;
INSERT INTO `t_pub_province` VALUES (101,'2014-10-25 20:52:58','2014-10-25 20:52:58',1,'北京',1001,1),(102,'2014-10-25 20:52:58','2014-10-25 20:52:58',2,'天津',1001,1),(103,'2014-10-25 20:52:58','2014-10-25 20:52:58',3,'河北',1001,1),(104,'2014-10-25 20:52:58','2014-10-25 20:52:58',4,'辽宁',1001,1),(105,'2014-10-25 20:52:58','2014-10-25 20:52:58',5,'上海',1001,1),(106,'2014-10-25 20:52:58','2014-10-25 20:52:58',6,'江苏',1001,1),(107,'2014-10-25 20:52:58','2014-10-25 20:52:58',7,'浙江',1001,1),(108,'2014-10-25 20:52:58','2014-10-25 20:52:58',8,'福建',1001,1),(109,'2014-10-25 20:52:58','2014-10-25 20:52:58',9,'山东',1001,1),(110,'2014-10-25 20:52:58','2014-10-25 20:52:58',10,'广东',1001,1),(111,'2014-10-25 20:52:58','2014-10-25 20:52:58',11,'广西',1001,1),(112,'2014-10-25 20:52:58','2014-10-25 20:52:58',12,'海南',1001,1),(113,'2014-10-25 20:52:58','2014-10-25 20:52:58',13,'重庆',1001,1),(119,'2014-10-25 20:52:58','2014-10-25 20:52:58',19,'台湾',1001,1),(120,'2014-10-25 20:52:58','2014-10-25 20:52:58',20,'香港',1004,1),(121,'2014-10-25 20:52:58','2014-10-25 20:52:58',21,'澳门',1004,1),(122,'2014-10-25 20:52:58','2014-10-25 20:52:58',22,'山西',1002,1),(123,'2014-10-25 20:52:58','2014-10-25 20:52:58',23,'内蒙古',1002,1),(124,'2014-10-25 20:52:58','2014-10-25 20:52:58',24,'吉林',1002,1),(125,'2014-10-25 20:52:58','2014-10-25 20:52:58',25,'黑龙江',1002,1),(126,'2014-10-25 20:52:58','2014-10-25 20:52:58',26,'安徽',1002,1),(127,'2014-10-25 20:52:58','2014-10-25 20:52:58',27,'江西',1002,1),(128,'2014-10-25 20:52:58','2014-10-25 20:52:58',28,'河南',1002,1),(129,'2014-10-25 20:52:58','2014-10-25 20:52:58',29,'湖北',1002,1),(130,'2014-10-25 20:52:58','2014-10-25 20:52:58',30,'湖南',1002,1),(131,'2014-10-25 20:52:58','2014-10-25 20:52:58',31,'四川',1003,1),(132,'2014-10-25 20:52:58','2014-10-25 20:52:58',32,'贵州',1003,1),(133,'2014-10-25 20:52:58','2014-10-25 20:52:58',33,'云南',1003,1),(134,'2014-10-25 20:52:58','2014-10-25 20:52:58',34,'西藏',1003,1),(135,'2014-10-25 20:52:58','2014-10-25 20:52:58',35,'陕西',1003,1),(136,'2014-10-25 20:52:58','2014-10-25 20:52:58',36,'甘肃',1003,1),(137,'2014-10-25 20:52:58','2014-10-25 20:52:58',37,'青海',1003,1),(138,'2014-10-25 20:52:58','2014-10-25 20:52:58',38,'宁夏',1003,1),(139,'2014-10-25 20:52:58','2014-10-25 20:52:58',39,'新疆',1003,1),(201,'2014-10-25 20:52:58','2014-10-25 20:52:58',40,'澳大利亚首都特区',2001,2),(202,'2014-10-25 20:52:58','2014-10-25 20:52:58',41,'新南威尔士',2002,2),(203,'2014-10-25 20:52:58','2014-10-25 20:52:58',42,'维多利亚州',2003,2),(204,'2014-10-25 20:52:58','2014-10-25 20:52:58',43,'昆士兰州',2004,2),(205,'2014-10-25 20:52:58','2014-10-25 20:52:58',44,'西澳大利亚州',2005,2),(206,'2014-10-25 20:52:58','2014-10-25 20:52:58',45,'南澳大利亚州',2006,2),(207,'2014-10-25 20:52:58','2014-10-25 20:52:58',46,'塔斯曼尼亚',2007,2),(208,'2014-10-25 20:52:58','2014-10-25 20:52:58',47,'北领地',2008,2);
/*!40000 ALTER TABLE `t_pub_province` ENABLE KEYS */;
UNLOCK TABLES;
